Workbook

Sheet reticolo_stradale
A1: 0 | B1: 0 | C1: 0 | D1: 0 | E1: 0 | F1: 0 | G1: 0 | H1: 0 | I1: 0 | J1: 0 | K1: 0 | L1: 0 | M1: 0 | N1: 0 | O1: 0 | P1: 0 | Q1: 0 | R1: 0 | S1: 0 | T1: 0 | U1: 0 | V1: 0 | W1: 0 | X1: 0 | Y1: 0 | Z1: 0 | AA1: 0 | AB1: 0 | AC1: 0 | AD1: 0 | AE1: 0 | AF1: 0 | AG1: 0 | AH1: 0 | AI1: 0 | AJ1: 0 | AK1: 0 | AL1: 0 | AM1: 0 | AN1: 0 | AO1: 0 | AP1: 0 | AQ1: 0 | AR1: 0 | AS1: 0 | AT1: 0 | AU1: 0 | AV1: 0 | AW1: 0 | AX1: 0 | AY1: 0 | AZ1: 0 | BA1: 0 | BB1: 0 | BC1: 0 | BD1: 0 | BE1: 0 | BF1: 0 | BG1: 0 | BH1: 0 | BI1: 0 | BJ1: 0 | BK1: 0 | BL1: 0 | BM1: 0 | BN1: 0 | BO1: 0 | BP1: 0 | BQ1: 0 | BR1: 0 | BS1: 0 | BT1: 0 | BU1: 0 | BV1: 0 | BW1: 0 | BX1: 0 | BY1: 0 | BZ1: 0 | CA1: 0 | CB1: 0 | CC1: 0 | CD1: 0 | CE1: 0 | CF1: 0 | CG1: 0 | CH1: 0 | CI1: 0 | CJ1: 0 | CK1: 0 | CL1: 0 | CM1: 0 | CN1: 0 | CO1: 0 | CP1: 0 | CQ1: 0 | CR1: 0 | CS1: 0 | CT1: 0 | CU1: 0 | CV1: 0 | CW1: 0 | CY1: =
A2: 0 | B2: 0 | C2: 0 | D2: 0 | E2: 0 | F2: 0 | G2: 0 | H2: 0 | I2: 0 | J2: 0 | K2: 0 | L2: 0 | M2: 0 | N2: 0 | O2: 0 | P2: 0 | Q2: 0 | R2: 0 | S2: 0 | T2: 0 | U2: 0 | V2: 0 | W2: 0 | X2: 0 | Y2: 0 | Z2: 1 | AA2: 0 | AB2: 0 | AC2: 0 | AD2: 0 | AE2: 0 | AF2: 0 | AG2: 0 | AH2: 0 | AI2: 0 | AJ2: 1 | AK2: 0 | AL2: 0 | AM2: 0 | AN2: 0 | AO2: 0 | AP2: 0 | AQ2: 0 | AR2: 0 | AS2: 0 | AT2: 0 | AU2: 0 | AV2: 0 | AW2: 0 | AX2: 0 | AY2: 1 | AZ2: 0 | BA2: 0 | BB2: 0 | BC2: 0 | BD2: 0 | BE2: 0 | BF2: 0 | BG2: 0 | BH2: 0 | BI2: 0 | BJ2: 0 | BK2: 0 | BL2: 0 | BM2: 0 | BN2: 0 | BO2: 0 | BP2: 0 | BQ2: 0 | BR2: 0 | BS2: 0 | BT2: 0 | BU2: 0 | BV2: 0 | BW2: 0 | BX2: 1 | BY2: 0 | BZ2: 0 | CA2: 0 | CB2: 0 | CC2: 0 | CD2: 0 | CE2: 0 | CF2: 0 | CG2: 0 | CH2: 0 | CI2: 0 | CJ2: 0 | CK2: 0 | CL2: 0 | CM2: 1 | CN2: 0 | CO2: 0 | CP2: 0 | CQ2: 0 | CR2: 0 | CS2: 0 | CT2: 0 | CU2: 0 | CV2: 0 | CW2: 0
A3: 0 | B3: 0 | C3: 0 | D3: 0 | E3: 0 | F3: 0 | G3: 0 | H3: 0 | I3: 0 | J3: 0 | K3: 0 | L3: 0 | M3: 0 | N3: 0 | O3: 0 | P3: 0 | Q3: 0 | R3: 0 | S3: 0 | T3: 0 | U3: 0 | V3: 0 | W3: 0 | X3: 0 | Y3: 0 | Z3: 1 | AA3: 0 | AB3: 0 | AC3: 0 | AD3: 0 | AE3: 0 | AF3: 0 | AG3: 0 | AH3: 0 | AI3: 0 | AJ3: 1 | AK3: 0 | AL3: 0 | AM3: 0 | AN3: 0 | AO3: 0 | AP3: 0 | AQ3: 0 | AR3: 0 | AS3: 0 | AT3: 0 | AU3: 0 | AV3: 0 | AW3: 0 | AX3: 0 | AY3: 1 | AZ3: 0 | BA3: 0 | BB3: 0 | BC3: 0 | BD3: 0 | BE3: 0 | BF3: 0 | BG3: 0 | BH3: 0 | BI3: 0 | BJ3: 0 | BK3: 0 | BL3: 0 | BM3: 0 | BN3: 0 | BO3: 0 | BP3: 0 | BQ3: 0 | BR3: 0 | BS3: 0 | BT3: 0 | BU3: 0 | BV3: 0 | BW3: 0 | BX3: 1 | BY3: 0 | BZ3: 0 | CA3: 0 | CB3: 0 | CC3: 0 | CD3: 0 | CE3: 0 | CF3: 0 | CG3: 0 | CH3: 0 | CI3: 0 | CJ3: 0 | CK3: 0 | CL3: 0 | CM3: 1 | CN3: 0 | CO3: 0 | CP3: 0 | CQ3: 0 | CR3: 0 | CS3: 0 | CT3: 0 | CU3: 0 | CV3: 0 | CW3: 0
A4: 0 | B4: 0 | C4: 0 | D4: 0 | E4: 0 | F4: 0 | G4: 0 | H4: 0 | I4: 0 | J4: 0 | K4: 0 | L4: 0 | M4: 0 | N4: 0 | O4: 0 | P4: 0 | Q4: 0 | R4: 0 | S4: 0 | T4: 0 | U4: 0 | V4: 0 | W4: 0 | X4: 0 | Y4: 0 | Z4: 1 | AA4: 0 | AB4: 0 | AC4: 0 | AD4: 0 | AE4: 0 | AF4: 0 | AG4: 0 | AH4: 0 | AI4: 0 | AJ4: 1 | AK4: 0 | AL4: 0 | AM4: 0 | AN4: 0 | AO4: 0 | AP4: 0 | AQ4: 0 | AR4: 0 | AS4: 0 | AT4: 0 | AU4: 0 | AV4: 0 | AW4: 0 | AX4: 0 | AY4: 1 | AZ4: 0 | BA4: 0 | BB4: 0 | BC4: 0 | BD4: 0 | BE4: 0 | BF4: 0 | BG4: 0 | BH4: 0 | BI4: 0 | BJ4: 0 | BK4: 0 | BL4: 0 | BM4: 0 | BN4: 0 | BO4: 0 | BP4: 0 | BQ4: 0 | BR4: 0 | BS4: 0 | BT4: 0 | BU4: 0 | BV4: 0 | BW4: 0 | BX4: 1 | BY4: 0 | BZ4: 0 | CA4: 0 | CB4: 0 | CC4: 0 | CD4: 0 | CE4: 0 | CF4: 0 | CG4: 0 | CH4: 0 | CI4: 0 | CJ4: 0 | CK4: 0 | CL4: 0 | CM4: 1 | CN4: 0 | CO4: 0 | CP4: 0 | CQ4: 0 | CR4: 0 | CS4: 0 | CT4: 0 | CU4: 0 | CV4: 0 | CW4: 0
A5: 0 | B5: 0 | C5: 0 | D5: 0 | E5: 0 | F5: 0 | G5: 0 | H5: 0 | I5: 0 | J5: 0 | K5: 0 | L5: 0 | M5: 0 | N5: 0 | O5: 0 | P5: 0 | Q5: 0 | R5: 0 | S5: 0 | T5: 0 | U5: 0 | V5: 0 | W5: 0 | X5: 0 | Y5: 0 | Z5: 1 | AA5: 0 | AB5: 0 | AC5: 0 | AD5: 0 | AE5: 0 | AF5: 0 | AG5: 0 | AH5: 0 | AI5: 0 | AJ5: 1 | AK5: 0 | AL5: 0 | AM5: 0 | AN5: 0 | AO5: 0 | AP5: 0 | AQ5: 0 | AR5: 0 | AS5: 0 | AT5: 0 | AU5: 0 | AV5: 0 | AW5: 0 | AX5: 0 | AY5: 1 | AZ5: 0 | BA5: 0 | BB5: 0 | BC5: 0 | BD5: 0 | BE5: 0 | BF5: 0 | BG5: 0 | BH5: 0 | BI5: 0 | BJ5: 0 | BK5: 0 | BL5: 0 | BM5: 0 | BN5: 0 | BO5: 0 | BP5: 0 | BQ5: 0 | BR5: 0 | BS5: 0 | BT5: 0 | BU5: 0 | BV5: 0 | BW5: 0 | BX5: 1 | BY5: 0 | BZ5: 0 | CA5: 0 | CB5: 0 | CC5: 0 | CD5: 0 | CE5: 0 | CF5: 0 | CG5: 0 | CH5: 0 | CI5: 0 | CJ5: 0 | CK5: 0 | CL5: 0 | CM5: 1 | CN5: 0 | CO5: 0 | CP5: 0 | CQ5: 0 | CR5: 0 | CS5: 0 | CT5: 0 | CU5: 0 | CV5: 0 | CW5: 0
A6: 0 | B6: 0 | C6: 0 | D6: 0 | E6: 0 | F6: 0 | G6: 0 | H6: 0 | I6: 0 | J6: 0 | K6: 0 | L6: 0 | M6: 0 | N6: 0 | O6: 0 | P6: 0 | Q6: 0 | R6: 0 | S6: 0 | T6: 0 | U6: 0 | V6: 0 | W6: 0 | X6: 0 | Y6: 0 | Z6: 1 | AA6: 0 | AB6: 0 | AC6: 0 | AD6: 0 | AE6: 0 | AF6: 0 | AG6: 0 | AH6: 0 | AI6: 0 | AJ6: 1 | AK6: 0 | AL6: 0 | AM6: 0 | AN6: 0 | AO6: 0 | AP6: 0 | AQ6: 0 | AR6: 0 | AS6: 0 | AT6: 0 | AU6: 0 | AV6: 0 | AW6: 0 | AX6: 0 | AY6: 1 | AZ6: 0 | BA6: 0 | BB6: 0 | BC6: 0 | BD6: 0 | BE6: 0 | BF6: 0 | BG6: 0 | BH6: 0 | BI6: 0 | BJ6: 0 | BK6: 0 | BL6: 0 | BM6: 0 | BN6: 0 | BO6: 0 | BP6: 0 | BQ6: 0 | BR6: 0 | BS6: 0 | BT6: 0 | BU6: 0 | BV6: 0 | BW6: 0 | BX6: 1 | BY6: 0 | BZ6: 0 | CA6: 0 | CB6: 0 | CC6: 0 | CD6: 0 | CE6: 0 | CF6: 0 | CG6: 0 | CH6: 0 | CI6: 0 | CJ6: 0 | CK6: 0 | CL6: 0 | CM6: 1 | CN6: 0 | CO6: 0 | CP6: 0 | CQ6: 0 | CR6: 0 | CS6: 0 | CT6: 0 | CU6: 0 | CV6: 0 | CW6: 0
A7: 0 | B7: 1 | C7: 1 | D7: 1 | E7: 1 | F7: 1 | G7: 1 | H7: 1 | I7: 1 | J7: 1 | K7: 1 | L7: 1 | M7: 1 | N7: 1 | O7: 1 | P7: 1 | Q7: 1 | R7: 1 | S7: 1 | T7: 1 | U7: 1 | V7: 1 | W7: 1 | X7: 1 | Y7: 1 | Z7: 1 | AA7: 0 | AB7: 0 | AC7: 0 | AD7: 0 | AE7: 0 | AF7: 0 | AG7: 0 | AH7: 0 | AI7: 0 | AJ7: 1 | AK7: 0 | AL7: 0 | AM7: 0 | AN7: 0 | AO7: 0 | AP7: 0 | AQ7: 0 | AR7: 0 | AS7: 0 | AT7: 0 | AU7: 0 | AV7: 0 | AW7: 0 | AX7: 0 | AY7: 1 | AZ7: 0 | BA7: 0 | BB7: 0 | BC7: 0 | BD7: 0 | BE7: 0 | BF7: 0 | BG7: 0 | BH7: 0 | BI7: 0 | BJ7: 0 | BK7: 0 | BL7: 0 | BM7: 0 | BN7: 0 | BO7: 0 | BP7: 0 | BQ7: 0 | BR7: 0 | BS7: 0 | BT7: 0 | BU7: 0 | BV7: 0 | BW7: 0 | BX7: 1 | BY7: 1 | BZ7: 1 | CA7: 1 | CB7: 1 | CC7: 1 | CD7: 1 | CE7: 1 | CF7: 1 | CG7: 1 | CH7: 1 | CI7: 1 | CJ7: 1 | CK7: 1 | CL7: 1 | CM7: 1 | CN7: 1 | CO7: 1 | CP7: 1 | CQ7: 1 | CR7: 1 | CS7: 1 | CT7: 1 | CU7: 1 | CV7: 1 | CW7: 1
A8: 0 | B8: 0 | C8: 0 | D8: 0 | E8: 0 | F8: 0 | G8: 0 | H8: 0 | I8: 0 | J8: 0 | K8: 0 | L8: 0 | M8: 1 | N8: 0 | O8: 0 | P8: 0 | Q8: 0 | R8: 0 | S8: 0 | T8: 0 | U8: 0 | V8: 0 | W8: 0 | X8: 0 | Y8: 0 | Z8: 1 | AA8: 0 | AB8: 0 | AC8: 0 | AD8: 0 | AE8: 0 | AF8: 0 | AG8: 0 | AH8: 0 | AI8: 0 | AJ8: 1 | AK8: 0 | AL8: 0 | AM8: 0 | AN8: 0 | AO8: 0 | AP8: 0 | AQ8: 0 | AR8: 0 | AS8: 0 | AT8: 0 | AU8: 0 | AV8: 0 | AW8: 0 | AX8: 0 | AY8: 1 | AZ8: 0 | BA8: 0 | BB8: 0 | BC8: 0 | BD8: 0 | BE8: 0 | BF8: 0 | BG8: 0 | BH8: 0 | BI8: 0 | BJ8: 0 | BK8: 0 | BL8: 0 | BM8: 0 | BN8: 0 | BO8: 0 | BP8: 0 | BQ8: 0 | BR8: 0 | BS8: 0 | BT8: 0 | BU8: 0 | BV8: 0 | BW8: 0 | BX8: 1 | BY8: 0 | BZ8: 0 | CA8: 0 | CB8: 0 | CC8: 0 | CD8: 0 | CE8: 0 | CF8: 0 | CG8: 0 | CH8: 0 | CI8: 0 | CJ8: 0 | CK8: 0 | CL8: 0 | CM8: 0 | CN8: 0 | CO8: 0 | CP8: 0 | CQ8: 0 | CR8: 0 | CS8: 0 | CT8: 0 | CU8: 0 | CV8: 0 | CW8: 0
A9: 0 | B9: 0 | C9: 0 | D9: 0 | E9: 0 | F9: 0 | G9: 0 | H9: 0 | I9: 0 | J9: 0 | K9: 0 | L9: 0 | M9: 1 | N9: 0 | O9: 0 | P9: 0 | Q9: 0 | R9: 0 | S9: 0 | T9: 0 | U9: 0 | V9: 0 | W9: 0 | X9: 0 | Y9: 0 | Z9: 1 | AA9: 0 | AB9: 0 | AC9: 0 | AD9: 0 | AE9: 0 | AF9: 0 | AG9: 0 | AH9: 0 | AI9: 0 | AJ9: 1 | AK9: 0 | AL9: 0 | AM9: 0 | AN9: 0 | AO9: 0 | AP9: 0 | AQ9: 0 | AR9: 0 | AS9: 0 | AT9: 0 | AU9: 0 | AV9: 0 | AW9: 0 | AX9: 0 | AY9: 1 | AZ9: 0 | BA9: 0 | BB9: 0 | BC9: 0 | BD9: 0 | BE9: 0 | BF9: 0 | BG9: 0 | BH9: 0 | BI9: 0 | BJ9: 0 | BK9: 0 | BL9: 0 | BM9: 0 | BN9: 0 | BO9: 0 | BP9: 0 | BQ9: 0 | BR9: 0 | BS9: 0 | BT9: 0 | BU9: 0 | BV9: 0 | BW9: 0 | BX9: 1 | BY9: 0 | BZ9: 0 | CA9: 0 | CB9: 0 | CC9: 0 | CD9: 0 | CE9: 0 | CF9: 0 | CG9: 0 | CH9: 0 | CI9: 0 | CJ9: 0 | CK9: 0 | CL9: 0 | CM9: 0 | CN9: 0 | CO9: 0 | CP9: 0 | CQ9: 0 | CR9: 0 | CS9: 0 | CT9: 0 | CU9: 0 | CV9: 0 | CW9: 0
A10: 0 | B10: 0 | C10: 0 | D10: 0 | E10: 0 | F10: 0 | G10: 0 | H10: 0 | I10: 0 | J10: 0 | K10: 0 | L10: 0 | M10: 1 | N10: 0 | O10: 0 | P10: 0 | Q10: 0 | R10: 0 | S10: 0 | T10: 0 | U10: 0 | V10: 0 | W10: 0 | X10: 0 | Y10: 0 | Z10: 1 | AA10: 0 | AB10: 0 | AC10: 0 | AD10: 0 | AE10: 0 | AF10: 0 | AG10: 0 | AH10: 0 | AI10: 0 | AJ10: 1 | AK10: 0 | AL10: 0 | AM10: 0 | AN10: 0 | AO10: 0 | AP10: 0 | AQ10: 0 | AR10: 0 | AS10: 0 | AT10: 0 | AU10: 0 | AV10: 0 | AW10: 0 | AX10: 0 | AY10: 1 | AZ10: 0 | BA10: 0 | BB10: 0 | BC10: 0 | BD10: 0 | BE10: 0 | BF10: 0 | BG10: 0 | BH10: 0 | BI10: 0 | BJ10: 0 | BK10: 0 | BL10: 0 | BM10: 0 | BN10: 0 | BO10: 0 | BP10: 0 | BQ10: 0 | BR10: 0 | BS10: 0 | BT10: 0 | BU10: 0 | BV10: 0 | BW10: 0 | BX10: 1 | BY10: 0 | BZ10: 0 | CA10: 0 | CB10: 0 | CC10: 0 | CD10: 0 | CE10: 0 | CF10: 0 | CG10: 0 | CH10: 0 | CI10: 0 | CJ10: 0 | CK10: 0 | CL10: 0 | CM10: 0 | CN10: 0 | CO10: 0 | CP10: 0 | CQ10: 0 | CR10: 0 | CS10: 0 | CT10: 0 | CU10: 0 | CV10: 0 | CW10: 0
A11: 0 | B11: 0 | C11: 0 | D11: 0 | E11: 0 | F11: 0 | G11: 0 | H11: 0 | I11: 0 | J11: 0 | K11: 0 | L11: 0 | M11: 1 | N11: 0 | O11: 0 | P11: 0 | Q11: 0 | R11: 0 | S11: 0 | T11: 0 | U11: 0 | V11: 0 | W11: 0 | X11: 0 | Y11: 0 | Z11: 1 | AA11: 0 | AB11: 0 | AC11: 0 | AD11: 0 | AE11: 0 | AF11: 0 | AG11: 0 | AH11: 0 | AI11: 0 | AJ11: 1 | AK11: 0 | AL11: 0 | AM11: 0 | AN11: 0 | AO11: 0 | AP11: 0 | AQ11: 0 | AR11: 0 | AS11: 0 | AT11: 0 | AU11: 0 | AV11: 0 | AW11: 0 | AX11: 0 | AY11: 1 | AZ11: 0 | BA11: 0 | BB11: 0 | BC11: 0 | BD11: 0 | BE11: 0 | BF11: 0 | BG11: 0 | BH11: 0 | BI11: 0 | BJ11: 0 | BK11: 0 | BL11: 0 | BM11: 0 | BN11: 0 | BO11: 0 | BP11: 0 | BQ11: 0 | BR11: 0 | BS11: 0 | BT11: 0 | BU11: 0 | BV11: 0 | BW11: 0 | BX11: 1 | BY11: 0 | BZ11: 0 | CA11: 0 | CB11: 0 | CC11: 0 | CD11: 0 | CE11: 0 | CF11: 0 | CG11: 0 | CH11: 0 | CI11: 0 | CJ11: 0 | CK11: 0 | CL11: 0 | CM11: 0 | CN11: 0 | CO11: 0 | CP11: 0 | CQ11: 0 | CR11: 0 | CS11: 0 | CT11: 0 | CU11: 0 | CV11: 0 | CW11: 0
A12: 0 | B12: 0 | C12: 0 | D12: 0 | E12: 0 | F12: 0 | G12: 0 | H12: 0 | I12: 0 | J12: 0 | K12: 0 | L12: 0 | M12: 1 | N12: 0 | O12: 0 | P12: 0 | Q12: 0 | R12: 0 | S12: 0 | T12: 0 | U12: 0 | V12: 0 | W12: 0 | X12: 0 | Y12: 0 | Z12: 1 | AA12: 0 | AB12: 0 | AC12: 0 | AD12: 0 | AE12: 0 | AF12: 0 | AG12: 0 | AH12: 0 | AI12: 0 | AJ12: 1 | AK12: 0 | AL12: 0 | AM12: 0 | AN12: 0 | AO12: 0 | AP12: 0 | AQ12: 0 | AR12: 0 | AS12: 0 | AT12: 0 | AU12: 0 | AV12: 0 | AW12: 0 | AX12: 0 | AY12: 1 | AZ12: 0 | BA12: 0 | BB12: 0 | BC12: 0 | BD12: 0 | BE12: 0 | BF12: 0 | BG12: 0 | BH12: 0 | BI12: 0 | BJ12: 0 | BK12: 0 | BL12: 0 | BM12: 0 | BN12: 0 | BO12: 0 | BP12: 0 | BQ12: 0 | BR12: 0 | BS12: 0 | BT12: 0 | BU12: 0 | BV12: 0 | BW12: 0 | BX12: 1 | BY12: 0 | BZ12: 0 | CA12: 0 | CB12: 0 | CC12: 0 | CD12: 0 | CE12: 0 | CF12: 0 | CG12: 0 | CH12: 0 | CI12: 0 | CJ12: 0 | CK12: 0 | CL12: 0 | CM12: 0 | CN12: 0 | CO12: 0 | CP12: 0 | CQ12: 0 | CR12: 0 | CS12: 0 | CT12: 0 | CU12: 0 | CV12: 0 | CW12: 0
A13: 0 | B13: 0 | C13: 0 | D13: 0 | E13: 0 | F13: 0 | G13: 0 | H13: 0 | I13: 0 | J13: 0 | K13: 0 | L13: 0 | M13: 1 | N13: 0 | O13: 0 | P13: 0 | Q13: 0 | R13: 0 | S13: 0 | T13: 0 | U13: 0 | V13: 0 | W13: 0 | X13: 0 | Y13: 0 | Z13: 1 | AA13: 1 | AB13: 1 | AC13: 1 | AD13: 1 | AE13: 1 | AF13: 1 | AG13: 1 | AH13: 1 | AI13: 1 | AJ13: 1 | AK13: 1 | AL13: 1 | AM13: 1 | AN13: 1 | AO13: 1 | AP13: 1 | AQ13: 1 | AR13: 1 | AS13: 1 | AT13: 1 | AU13: 1 | AV13: 1 | AW13: 1 | AX13: 1 | AY13: 1 | AZ13: 1 | BA13: 1 | BB13: 1 | BC13: 1 | BD13: 1 | BE13: 1 | BF13: 1 | BG13: 1 | BH13: 1 | BI13: 1 | BJ13: 1 | BK13: 1 | BL13: 1 | BM13: 1 | BN13: 1 | BO13: 1 | BP13: 1 | BQ13: 1 | BR13: 1 | BS13: 1 | BT13: 1 | BU13: 1 | BV13: 1 | BW13: 1 | BX13: 1 | BY13: 0 | BZ13: 0 | CA13: 0 | CB13: 0 | CC13: 0 | CD13: 0 | CE13: 0 | CF13: 0 | CG13: 0 | CH13: 0 | CI13: 0 | CJ13: 0 | CK13: 0 | CL13: 0 | CM13: 0 | CN13: 0 | CO13: 0 | CP13: 0 | CQ13: 0 | CR13: 0 | CS13: 0 | CT13: 0 | CU13: 0 | CV13: 0 | CW13: 0
... A51: 0 | B51: 0 | C51: 0 | D51: 0 | E51: 0 | F51: 0 | G51: 0 | H51: 0 | I51: 0 | J51: 0 | K51: 0 | L51: 0 | M51: 1 | N51: 0 | O51: 0 | P51: 0 | Q51: 0 | R51: 0 | S51: 0 | T51: 0 | U51: 0 | V51: 0 | W51: 0 | X51: 0 | Y51: 0 | Z51: 1 | AA51: 0 | AB51: 0 | AC51: 0 | AD51: 0 | AE51: 1 | AF51: 0 | AG51: 0 | AH51: 0 | AI51: 0 | AJ51: 0 | AK51: 0 | AL51: 0 | AM51: 0 | AN51: 0 | AO51: 1 | AP51: 0 | AQ51: 0 | AR51: 0 | AS51: 0 | AT51: 0 | AU51: 0 | AV51: 0 | AW51: 0 | AX51: 0 | AY51: 1 | AZ51: 0 | BA51: 0 | BB51: 0 | BC51: 0 | BD51: 0 | BE51: 0 | BF51: 0 | BG51: 0 | BH51: 0 | BI51: 0 | BJ51: 0 | BK51: 0 | BL51: 0 | BM51: 0 | BN51: 0 | BO51: 0 | BP51: 0 | BQ51: 0 | BR51: 0 | BS51: 0 | BT51: 0 | BU51: 0 | BV51: 0 | BW51: 0 | BX51: 1 | BY51: 0 | BZ51: 0 | CA51: 0 | CB51: 0 | CC51: 0 | CD51: 0 | CE51: 0 | CF51: 0 | CG51: 0 | CH51: 0 | CI51: 0 | CJ51: 0 | CK51: 0 | CL51: 0 | CM51: 0 | CN51: 0 | CO51: 0 | CP51: 0 | CQ51: 0 | CR51: 0 | CS51: 0 | CT51: 0 | CU51: 0 | CV51: 0 | CW51: 0

Sheet incroci
A1: 0 | B1: 0 | C1: 0 | D1: 0 | E1: 0 | F1: 0 | G1: 0 | H1: 0 | I1: 0 | J1: 0 | K1: 0 | L1: 0 | M1: 0 | N1: 0 | O1: 0 | P1: 0 | Q1: 0 | R1: 0 | S1: 0 | T1: 0 | U1: 0 | V1: 0 | W1: 0 | X1: 0 | Y1: 0 | Z1: 0 | AA1: 0 | AB1: 0 | AC1: 0 | AD1: 0 | AE1: 0 | AF1: 0 | AG1: 0 | AH1: 0 | AI1: 0 | AJ1: 0 | AK1: 0 | AL1: 0 | AM1: 0 | AN1: 0 | AO1: 0 | AP1: 0 | AQ1: 0 | AR1: 0 | AS1: 0 | AT1: 0 | AU1: 0 | AV1: 0 | AW1: 0 | AX1: 0 | AY1: 0 | AZ1: 0 | BA1: 0 | BB1: 0 | BC1: 0 | BD1: 0 | BE1: 0 | BF1: 0 | BG1: 0 | BH1: 0 | BI1: 0 | BJ1: 0 | BK1: 0 | BL1: 0 | BM1: 0 | BN1: 0 | BO1: 0 | BP1: 0 | BQ1: 0 | BR1: 0 | BS1: 0 | BT1: 0 | BU1: 0 | BV1: 0 | BW1: 0 | BX1: 0 | BY1: 0 | BZ1: 0 | CA1: 0 | CB1: 0 | CC1: 0 | CD1: 0 | CE1: 0 | CF1: 0 | CG1: 0 | CH1: 0 | CI1: 0 | CJ1: 0 | CK1: 0 | CL1: 0 | CM1: 0 | CN1: 0 | CO1: 0 | CP1: 0 | CQ1: 0 | CR1: 0 | CS1: 0 | CT1: 0 | CU1: 0 | CV1: 0 | CW1: 0
A2: 0 | B2: =IF(AND(reticolo_stradale!B2=1,(reticolo_stradale!B1+reticolo_stradale!C2+reticolo_stradale!A2+reticolo_stradale!B3)>=3),1,0) -> 0 | C2: =IF(AND(reticolo_stradale!C2=1,(reticolo_stradale!C1+reticolo_stradale!D2+reticolo_stradale!B2+reticolo_stradale!C3)>=3),1,0) -> 0 | D2: =IF(AND(reticolo_stradale!D2=1,(reticolo_stradale!D1+reticolo_stradale!E2+reticolo_stradale!C2+reticolo_stradale!D3)>=3),1,0) -> 0 | E2: =IF(AND(reticolo_stradale!E2=1,(reticolo_stradale!E1+reticolo_stradale!F2+reticolo_stradale!D2+reticolo_stradale!E3)>=3),1,0) -> 0 | F2: =IF(AND(reticolo_stradale!F2=1,(reticolo_stradale!F1+reticolo_stradale!G2+reticolo_stradale!E2+reticolo_stradale!F3)>=3),1,0) -> 0 | G2: =IF(AND(reticolo_stradale!G2=1,(reticolo_stradale!G1+reticolo_stradale!H2+reticolo_stradale!F2+reticolo_stradale!G3)>=3),1,0) -> 0 | H2: =IF(AND(reticolo_stradale!H2=1,(reticolo_stradale!H1+reticolo_stradale!I2+reticolo_stradale!G2+reticolo_stradale!H3)>=3),1,0) -> 0 | I2: =IF(AND(reticolo_stradale!I2=1,(reticolo_stradale!I1+reticolo_stradale!J2+reticolo_stradale!H2+reticolo_stradale!I3)>=3),1,0) -> 0 | ... CV2: =IF(AND(reticolo_stradale!CV2=1,(reticolo_stradale!CV1+reticolo_stradale!CW2+reticolo_stradale!CU2+reticolo_stradale!CV3)>=3),1,0) -> 0 | CW2: 0
A3: 0 | B3: =IF(AND(reticolo_stradale!B3=1,(reticolo_stradale!B2+reticolo_stradale!C3+reticolo_stradale!A3+reticolo_stradale!B4)>=3),1,0) -> 0 | C3: =IF(AND(reticolo_stradale!C3=1,(reticolo_stradale!C2+reticolo_stradale!D3+reticolo_stradale!B3+reticolo_stradale!C4)>=3),1,0) -> 0 | D3: =IF(AND(reticolo_stradale!D3=1,(reticolo_stradale!D2+reticolo_stradale!E3+reticolo_stradale!C3+reticolo_stradale!D4)>=3),1,0) -> 0 | E3: =IF(AND(reticolo_stradale!E3=1,(reticolo_stradale!E2+reticolo_stradale!F3+reticolo_stradale!D3+reticolo_stradale!E4)>=3),1,0) -> 0 | F3: =IF(AND(reticolo_stradale!F3=1,(reticolo_stradale!F2+reticolo_stradale!G3+reticolo_stradale!E3+reticolo_stradale!F4)>=3),1,0) -> 0 | G3: =IF(AND(reticolo_stradale!G3=1,(reticolo_stradale!G2+reticolo_stradale!H3+reticolo_stradale!F3+reticolo_stradale!G4)>=3),1,0) -> 0 | H3: =IF(AND(reticolo_stradale!H3=1,(reticolo_stradale!H2+reticolo_stradale!I3+reticolo_stradale!G3+reticolo_stradale!H4)>=3),1,0) -> 0 | I3: =IF(AND(reticolo_stradale!I3=1,(reticolo_stradale!I2+reticolo_stradale!J3+reticolo_stradale!H3+reticolo_stradale!I4)>=3),1,0) -> 0 | ... CV3: =IF(AND(reticolo_stradale!CV3=1,(reticolo_stradale!CV2+reticolo_stradale!CW3+reticolo_stradale!CU3+reticolo_stradale!CV4)>=3),1,0) -> 0 | CW3: 0
A4: 0 | B4: =IF(AND(reticolo_stradale!B4=1,(reticolo_stradale!B3+reticolo_stradale!C4+reticolo_stradale!A4+reticolo_stradale!B5)>=3),1,0) -> 0 | C4: =IF(AND(reticolo_stradale!C4=1,(reticolo_stradale!C3+reticolo_stradale!D4+reticolo_stradale!B4+reticolo_stradale!C5)>=3),1,0) -> 0 | D4: =IF(AND(reticolo_stradale!D4=1,(reticolo_stradale!D3+reticolo_stradale!E4+reticolo_stradale!C4+reticolo_stradale!D5)>=3),1,0) -> 0 | E4: =IF(AND(reticolo_stradale!E4=1,(reticolo_stradale!E3+reticolo_stradale!F4+reticolo_stradale!D4+reticolo_stradale!E5)>=3),1,0) -> 0 | F4: =IF(AND(reticolo_stradale!F4=1,(reticolo_stradale!F3+reticolo_stradale!G4+reticolo_stradale!E4+reticolo_stradale!F5)>=3),1,0) -> 0 | G4: =IF(AND(reticolo_stradale!G4=1,(reticolo_stradale!G3+reticolo_stradale!H4+reticolo_stradale!F4+reticolo_stradale!G5)>=3),1,0) -> 0 | H4: =IF(AND(reticolo_stradale!H4=1,(reticolo_stradale!H3+reticolo_stradale!I4+reticolo_stradale!G4+reticolo_stradale!H5)>=3),1,0) -> 0 | I4: =IF(AND(reticolo_stradale!I4=1,(reticolo_stradale!I3+reticolo_stradale!J4+reticolo_stradale!H4+reticolo_stradale!I5)>=3),1,0) -> 0 | ... CV4: =IF(AND(reticolo_stradale!CV4=1,(reticolo_stradale!CV3+reticolo_stradale!CW4+reticolo_stradale!CU4+reticolo_stradale!CV5)>=3),1,0) -> 0 | CW4: 0
A5: 0 | B5: =IF(AND(reticolo_stradale!B5=1,(reticolo_stradale!B4+reticolo_stradale!C5+reticolo_stradale!A5+reticolo_stradale!B6)>=3),1,0) -> 0 | C5: =IF(AND(reticolo_stradale!C5=1,(reticolo_stradale!C4+reticolo_stradale!D5+reticolo_stradale!B5+reticolo_stradale!C6)>=3),1,0) -> 0 | D5: =IF(AND(reticolo_stradale!D5=1,(reticolo_stradale!D4+reticolo_stradale!E5+reticolo_stradale!C5+reticolo_stradale!D6)>=3),1,0) -> 0 | E5: =IF(AND(reticolo_stradale!E5=1,(reticolo_stradale!E4+reticolo_stradale!F5+reticolo_stradale!D5+reticolo_stradale!E6)>=3),1,0) -> 0 | F5: =IF(AND(reticolo_stradale!F5=1,(reticolo_stradale!F4+reticolo_stradale!G5+reticolo_stradale!E5+reticolo_stradale!F6)>=3),1,0) -> 0 | G5: =IF(AND(reticolo_stradale!G5=1,(reticolo_stradale!G4+reticolo_stradale!H5+reticolo_stradale!F5+reticolo_stradale!G6)>=3),1,0) -> 0 | H5: =IF(AND(reticolo_stradale!H5=1,(reticolo_stradale!H4+reticolo_stradale!I5+reticolo_stradale!G5+reticolo_stradale!H6)>=3),1,0) -> 0 | I5: =IF(AND(reticolo_stradale!I5=1,(reticolo_stradale!I4+reticolo_stradale!J5+reticolo_stradale!H5+reticolo_stradale!I6)>=3),1,0) -> 0 | ... CV5: =IF(AND(reticolo_stradale!CV5=1,(reticolo_stradale!CV4+reticolo_stradale!CW5+reticolo_stradale!CU5+reticolo_stradale!CV6)>=3),1,0) -> 0 | CW5: 0
A6: 0 | B6: =IF(AND(reticolo_stradale!B6=1,(reticolo_stradale!B5+reticolo_stradale!C6+reticolo_stradale!A6+reticolo_stradale!B7)>=3),1,0) -> 0 | C6: =IF(AND(reticolo_stradale!C6=1,(reticolo_stradale!C5+reticolo_stradale!D6+reticolo_stradale!B6+reticolo_stradale!C7)>=3),1,0) -> 0 | D6: =IF(AND(reticolo_stradale!D6=1,(reticolo_stradale!D5+reticolo_stradale!E6+reticolo_stradale!C6+reticolo_stradale!D7)>=3),1,0) -> 0 | E6: =IF(AND(reticolo_stradale!E6=1,(reticolo_stradale!E5+reticolo_stradale!F6+reticolo_stradale!D6+reticolo_stradale!E7)>=3),1,0) -> 0 | F6: =IF(AND(reticolo_stradale!F6=1,(reticolo_stradale!F5+reticolo_stradale!G6+reticolo_stradale!E6+reticolo_stradale!F7)>=3),1,0) -> 0 | G6: =IF(AND(reticolo_stradale!G6=1,(reticolo_stradale!G5+reticolo_stradale!H6+reticolo_stradale!F6+reticolo_stradale!G7)>=3),1,0) -> 0 | H6: =IF(AND(reticolo_stradale!H6=1,(reticolo_stradale!H5+reticolo_stradale!I6+reticolo_stradale!G6+reticolo_stradale!H7)>=3),1,0) -> 0 | I6: =IF(AND(reticolo_stradale!I6=1,(reticolo_stradale!I5+reticolo_stradale!J6+reticolo_stradale!H6+reticolo_stradale!I7)>=3),1,0) -> 0 | ... CV6: =IF(AND(reticolo_stradale!CV6=1,(reticolo_stradale!CV5+reticolo_stradale!CW6+reticolo_stradale!CU6+reticolo_stradale!CV7)>=3),1,0) -> 0 | CW6: 0
A7: 0 | B7: =IF(AND(reticolo_stradale!B7=1,(reticolo_stradale!B6+reticolo_stradale!C7+reticolo_stradale!A7+reticolo_stradale!B8)>=3),1,0) -> 0 | C7: =IF(AND(reticolo_stradale!C7=1,(reticolo_stradale!C6+reticolo_stradale!D7+reticolo_stradale!B7+reticolo_stradale!C8)>=3),1,0) -> 0 | D7: =IF(AND(reticolo_stradale!D7=1,(reticolo_stradale!D6+reticolo_stradale!E7+reticolo_stradale!C7+reticolo_stradale!D8)>=3),1,0) -> 0 | E7: =IF(AND(reticolo_stradale!E7=1,(reticolo_stradale!E6+reticolo_stradale!F7+reticolo_stradale!D7+reticolo_stradale!E8)>=3),1,0) -> 0 | F7: =IF(AND(reticolo_stradale!F7=1,(reticolo_stradale!F6+reticolo_stradale!G7+reticolo_stradale!E7+reticolo_stradale!F8)>=3),1,0) -> 0 | G7: =IF(AND(reticolo_stradale!G7=1,(reticolo_stradale!G6+reticolo_stradale!H7+reticolo_stradale!F7+reticolo_stradale!G8)>=3),1,0) -> 0 | H7: =IF(AND(reticolo_stradale!H7=1,(reticolo_stradale!H6+reticolo_stradale!I7+reticolo_stradale!G7+reticolo_stradale!H8)>=3),1,0) -> 0 | I7: =IF(AND(reticolo_stradale!I7=1,(reticolo_stradale!I6+reticolo_stradale!J7+reticolo_stradale!H7+reticolo_stradale!I8)>=3),1,0) -> 0 | ... CV7: =IF(AND(reticolo_stradale!CV7=1,(reticolo_stradale!CV6+reticolo_stradale!CW7+reticolo_stradale!CU7+reticolo_stradale!CV8)>=3),1,0) -> 0 | CW7: 0
A8: 0 | B8: =IF(AND(reticolo_stradale!B8=1,(reticolo_stradale!B7+reticolo_stradale!C8+reticolo_stradale!A8+reticolo_stradale!B9)>=3),1,0) -> 0 | C8: =IF(AND(reticolo_stradale!C8=1,(reticolo_stradale!C7+reticolo_stradale!D8+reticolo_stradale!B8+reticolo_stradale!C9)>=3),1,0) -> 0 | D8: =IF(AND(reticolo_stradale!D8=1,(reticolo_stradale!D7+reticolo_stradale!E8+reticolo_stradale!C8+reticolo_stradale!D9)>=3),1,0) -> 0 | E8: =IF(AND(reticolo_stradale!E8=1,(reticolo_stradale!E7+reticolo_stradale!F8+reticolo_stradale!D8+reticolo_stradale!E9)>=3),1,0) -> 0 | F8: =IF(AND(reticolo_stradale!F8=1,(reticolo_stradale!F7+reticolo_stradale!G8+reticolo_stradale!E8+reticolo_stradale!F9)>=3),1,0) -> 0 | G8: =IF(AND(reticolo_stradale!G8=1,(reticolo_stradale!G7+reticolo_stradale!H8+reticolo_stradale!F8+reticolo_stradale!G9)>=3),1,0) -> 0 | H8: =IF(AND(reticolo_stradale!H8=1,(reticolo_stradale!H7+reticolo_stradale!I8+reticolo_stradale!G8+reticolo_stradale!H9)>=3),1,0) -> 0 | I8: =IF(AND(reticolo_stradale!I8=1,(reticolo_stradale!I7+reticolo_stradale!J8+reticolo_stradale!H8+reticolo_stradale!I9)>=3),1,0) -> 0 | ... CV8: =IF(AND(reticolo_stradale!CV8=1,(reticolo_stradale!CV7+reticolo_stradale!CW8+reticolo_stradale!CU8+reticolo_stradale!CV9)>=3),1,0) -> 0 | CW8: 0
A9: 0 | B9: =IF(AND(reticolo_stradale!B9=1,(reticolo_stradale!B8+reticolo_stradale!C9+reticolo_stradale!A9+reticolo_stradale!B10)>=3),1,0) -> 0 | C9: =IF(AND(reticolo_stradale!C9=1,(reticolo_stradale!C8+reticolo_stradale!D9+reticolo_stradale!B9+reticolo_stradale!C10)>=3),1,0) -> 0 | D9: =IF(AND(reticolo_stradale!D9=1,(reticolo_stradale!D8+reticolo_stradale!E9+reticolo_stradale!C9+reticolo_stradale!D10)>=3),1,0) -> 0 | E9: =IF(AND(reticolo_stradale!E9=1,(reticolo_stradale!E8+reticolo_stradale!F9+reticolo_stradale!D9+reticolo_stradale!E10)>=3),1,0) -> 0 | F9: =IF(AND(reticolo_stradale!F9=1,(reticolo_stradale!F8+reticolo_stradale!G9+reticolo_stradale!E9+reticolo_stradale!F10)>=3),1,0) -> 0 | G9: =IF(AND(reticolo_stradale!G9=1,(reticolo_stradale!G8+reticolo_stradale!H9+reticolo_stradale!F9+reticolo_stradale!G10)>=3),1,0) -> 0 | H9: =IF(AND(reticolo_stradale!H9=1,(reticolo_stradale!H8+reticolo_stradale!I9+reticolo_stradale!G9+reticolo_stradale!H10)>=3),1,0) -> 0 | I9: =IF(AND(reticolo_stradale!I9=1,(reticolo_stradale!I8+reticolo_stradale!J9+reticolo_stradale!H9+reticolo_stradale!I10)>=3),1,0) -> 0 | ... CV9: =IF(AND(reticolo_stradale!CV9=1,(reticolo_stradale!CV8+reticolo_stradale!CW9+reticolo_stradale!CU9+reticolo_stradale!CV10)>=3),1,0) -> 0 | CW9: 0
A10: 0 | B10: =IF(AND(reticolo_stradale!B10=1,(reticolo_stradale!B9+reticolo_stradale!C10+reticolo_stradale!A10+reticolo_stradale!B11)>=3),1,0) -> 0 | C10: =IF(AND(reticolo_stradale!C10=1,(reticolo_stradale!C9+reticolo_stradale!D10+reticolo_stradale!B10+reticolo_stradale!C11)>=3),1,0) -> 0 | D10: =IF(AND(reticolo_stradale!D10=1,(reticolo_stradale!D9+reticolo_stradale!E10+reticolo_stradale!C10+reticolo_stradale!D11)>=3),1,0) -> 0 | E10: =IF(AND(reticolo_stradale!E10=1,(reticolo_stradale!E9+reticolo_stradale!F10+reticolo_stradale!D10+reticolo_stradale!E11)>=3),1,0) -> 0 | F10: =IF(AND(reticolo_stradale!F10=1,(reticolo_stradale!F9+reticolo_stradale!G10+reticolo_stradale!E10+reticolo_stradale!F11)>=3),1,0) -> 0 | G10: =IF(AND(reticolo_stradale!G10=1,(reticolo_stradale!G9+reticolo_stradale!H10+reticolo_stradale!F10+reticolo_stradale!G11)>=3),1,0) -> 0 | H10: =IF(AND(reticolo_stradale!H10=1,(reticolo_stradale!H9+reticolo_stradale!I10+reticolo_stradale!G10+reticolo_stradale!H11)>=3),1,0) -> 0 | I10: =IF(AND(reticolo_stradale!I10=1,(reticolo_stradale!I9+reticolo_stradale!J10+reticolo_stradale!H10+reticolo_stradale!I11)>=3),1,0) -> 0 | ... CV10: =IF(AND(reticolo_stradale!CV10=1,(reticolo_stradale!CV9+reticolo_stradale!CW10+reticolo_stradale!CU10+reticolo_stradale!CV11)>=3),1,0) -> 0 | CW10: 0
A11: 0 | B11: =IF(AND(reticolo_stradale!B11=1,(reticolo_stradale!B10+reticolo_stradale!C11+reticolo_stradale!A11+reticolo_stradale!B12)>=3),1,0) -> 0 | C11: =IF(AND(reticolo_stradale!C11=1,(reticolo_stradale!C10+reticolo_stradale!D11+reticolo_stradale!B11+reticolo_stradale!C12)>=3),1,0) -> 0 | D11: =IF(AND(reticolo_stradale!D11=1,(reticolo_stradale!D10+reticolo_stradale!E11+reticolo_stradale!C11+reticolo_stradale!D12)>=3),1,0) -> 0 | E11: =IF(AND(reticolo_stradale!E11=1,(reticolo_stradale!E10+reticolo_stradale!F11+reticolo_stradale!D11+reticolo_stradale!E12)>=3),1,0) -> 0 | F11: =IF(AND(reticolo_stradale!F11=1,(reticolo_stradale!F10+reticolo_stradale!G11+reticolo_stradale!E11+reticolo_stradale!F12)>=3),1,0) -> 0 | G11: =IF(AND(reticolo_stradale!G11=1,(reticolo_stradale!G10+reticolo_stradale!H11+reticolo_stradale!F11+reticolo_stradale!G12)>=3),1,0) -> 0 | H11: =IF(AND(reticolo_stradale!H11=1,(reticolo_stradale!H10+reticolo_stradale!I11+reticolo_stradale!G11+reticolo_stradale!H12)>=3),1,0) -> 0 | I11: =IF(AND(reticolo_stradale!I11=1,(reticolo_stradale!I10+reticolo_stradale!J11+reticolo_stradale!H11+reticolo_stradale!I12)>=3),1,0) -> 0 | ... CV11: =IF(AND(reticolo_stradale!CV11=1,(reticolo_stradale!CV10+reticolo_stradale!CW11+reticolo_stradale!CU11+reticolo_stradale!CV12)>=3),1,0) -> 0 | CW11: 0
A12: 0 | B12: =IF(AND(reticolo_stradale!B12=1,(reticolo_stradale!B11+reticolo_stradale!C12+reticolo_stradale!A12+reticolo_stradale!B13)>=3),1,0) -> 0 | C12: =IF(AND(reticolo_stradale!C12=1,(reticolo_stradale!C11+reticolo_stradale!D12+reticolo_stradale!B12+reticolo_stradale!C13)>=3),1,0) -> 0 | D12: =IF(AND(reticolo_stradale!D12=1,(reticolo_stradale!D11+reticolo_stradale!E12+reticolo_stradale!C12+reticolo_stradale!D13)>=3),1,0) -> 0 | E12: =IF(AND(reticolo_stradale!E12=1,(reticolo_stradale!E11+reticolo_stradale!F12+reticolo_stradale!D12+reticolo_stradale!E13)>=3),1,0) -> 0 | F12: =IF(AND(reticolo_stradale!F12=1,(reticolo_stradale!F11+reticolo_stradale!G12+reticolo_stradale!E12+reticolo_stradale!F13)>=3),1,0) -> 0 | G12: =IF(AND(reticolo_stradale!G12=1,(reticolo_stradale!G11+reticolo_stradale!H12+reticolo_stradale!F12+reticolo_stradale!G13)>=3),1,0) -> 0 | H12: =IF(AND(reticolo_stradale!H12=1,(reticolo_stradale!H11+reticolo_stradale!I12+reticolo_stradale!G12+reticolo_stradale!H13)>=3),1,0) -> 0 | I12: =IF(AND(reticolo_stradale!I12=1,(reticolo_stradale!I11+reticolo_stradale!J12+reticolo_stradale!H12+reticolo_stradale!I13)>=3),1,0) -> 0 | ... CV12: =IF(AND(reticolo_stradale!CV12=1,(reticolo_stradale!CV11+reticolo_stradale!CW12+reticolo_stradale!CU12+reticolo_stradale!CV13)>=3),1,0) -> 0 | CW12: 0
A13: 0 | B13: =IF(AND(reticolo_stradale!B13=1,(reticolo_stradale!B12+reticolo_stradale!C13+reticolo_stradale!A13+reticolo_stradale!B14)>=3),1,0) -> 0 | C13: =IF(AND(reticolo_stradale!C13=1,(reticolo_stradale!C12+reticolo_stradale!D13+reticolo_stradale!B13+reticolo_stradale!C14)>=3),1,0) -> 0 | D13: =IF(AND(reticolo_stradale!D13=1,(reticolo_stradale!D12+reticolo_stradale!E13+reticolo_stradale!C13+reticolo_stradale!D14)>=3),1,0) -> 0 | E13: =IF(AND(reticolo_stradale!E13=1,(reticolo_stradale!E12+reticolo_stradale!F13+reticolo_stradale!D13+reticolo_stradale!E14)>=3),1,0) -> 0 | F13: =IF(AND(reticolo_stradale!F13=1,(reticolo_stradale!F12+reticolo_stradale!G13+reticolo_stradale!E13+reticolo_stradale!F14)>=3),1,0) -> 0 | G13: =IF(AND(reticolo_stradale!G13=1,(reticolo_stradale!G12+reticolo_stradale!H13+reticolo_stradale!F13+reticolo_stradale!G14)>=3),1,0) -> 0 | H13: =IF(AND(reticolo_stradale!H13=1,(reticolo_stradale!H12+reticolo_stradale!I13+reticolo_stradale!G13+reticolo_stradale!H14)>=3),1,0) -> 0 | I13: =IF(AND(reticolo_stradale!I13=1,(reticolo_stradale!I12+reticolo_stradale!J13+reticolo_stradale!H13+reticolo_stradale!I14)>=3),1,0) -> 0 | ... CV13: =IF(AND(reticolo_stradale!CV13=1,(reticolo_stradale!CV12+reticolo_stradale!CW13+reticolo_stradale!CU13+reticolo_stradale!CV14)>=3),1,0) -> 0 | CW13: 0
... A51: 0 | B51: =IF(AND(reticolo_stradale!B51=1,(reticolo_stradale!B50+reticolo_stradale!C51+reticolo_stradale!A51+reticolo_stradale!B52)>=3),1,0) -> 0 | C51: =IF(AND(reticolo_stradale!C51=1,(reticolo_stradale!C50+reticolo_stradale!D51+reticolo_stradale!B51+reticolo_stradale!C52)>=3),1,0) -> 0 | D51: =IF(AND(reticolo_stradale!D51=1,(reticolo_stradale!D50+reticolo_stradale!E51+reticolo_stradale!C51+reticolo_stradale!D52)>=3),1,0) -> 0 | E51: =IF(AND(reticolo_stradale!E51=1,(reticolo_stradale!E50+reticolo_stradale!F51+reticolo_stradale!D51+reticolo_stradale!E52)>=3),1,0) -> 0 | F51: =IF(AND(reticolo_stradale!F51=1,(reticolo_stradale!F50+reticolo_stradale!G51+reticolo_stradale!E51+reticolo_stradale!F52)>=3),1,0) -> 0 | G51: =IF(AND(reticolo_stradale!G51=1,(reticolo_stradale!G50+reticolo_stradale!H51+reticolo_stradale!F51+reticolo_stradale!G52)>=3),1,0) -> 0 | H51: =IF(AND(reticolo_stradale!H51=1,(reticolo_stradale!H50+reticolo_stradale!I51+reticolo_stradale!G51+reticolo_stradale!H52)>=3),1,0) -> 0 | I51: =IF(AND(reticolo_stradale!I51=1,(reticolo_stradale!I50+reticolo_stradale!J51+reticolo_stradale!H51+reticolo_stradale!I52)>=3),1,0) -> 0 | ... CV51: =IF(AND(reticolo_stradale!CV51=1,(reticolo_stradale!CV50+reticolo_stradale!CW51+reticolo_stradale!CU51+reticolo_stradale!CV52)>=3),1,0) -> 0 | CW51: 0
